id_e,description,lieu,prix,date
1,Brusquement tellement pied aile.,21,60.98,2021-11-30 01:06:28
2,Autre mesure supposer là dimanche.,18,71.9,2025-02-15 05:04:04
3,D'Autres causer comment remarquer.,48,38.87,2021-03-23 02:10:58
4,Principe accord étaler désert malade.,12,25.77,2021-07-02 17:48:11
5,Verser briller combien machine.,39,62.92,2021-12-21 19:09:17
6,Habiller choix lors claire désormais abri.,38,99.05,2024-03-18 19:06:03
7,Parcourir froid ne me vieux.,22,19.9,2024-03-17 14:54:34
8,Arracher reconnaître atteindre mince ensuite.,50,99.44,2025-04-12 21:35:04
9,Travailler marché bon marier.,2,98.68,2024-06-21 09:18:08
10,Dimanche sol as circonstance.,38,90.85,2020-01-20 15:57:44
11,Campagne retrouver acheter rejoindre.,33,98.77,2024-09-24 14:46:20
12,Étendre main commun couvrir expression genre.,3,17.49,2021-10-24 19:43:09
13,Appel devant fait souffrance école.,19,65.83,2022-02-18 06:10:36
14,Faute haut discours.,11,98.31,2021-05-22 02:05:43
15,Mieux pouvoir delà auprès poser ci si forêt.,4,44.12,2022-03-08 21:38:33
16,Île présent comment intelligence.,28,72.24,2024-01-17 05:43:30
17,Marcher français neuf endroit couleur double.,36,97.76,2024-04-03 07:29:07
18,Plaindre exister fixer etc.,1,32.21,2024-08-18 08:47:00
19,Note vivant douceur livre loi.,35,71.2,2020-05-09 07:53:51
20,Papa distance ton lui glace.,15,37.38,2024-08-15 05:18:57
21,Vérité reculer complet loin yeux inconnu admettre.,37,80.79,2023-05-08 14:54:35
22,Robe inquiétude beaux de maintenir soleil dessus.,10,11.74,2020-05-10 14:53:17
23,Savoir couche trait autre.,1,26.9,2023-05-24 17:59:34
24,Comment lui flamme accomplir horizon appartenir.,16,94.82,2024-11-09 10:06:41
25,Religion beau queue chaud froid.,13,34.07,2023-04-13 08:35:22
26,Étrange cent quoi empêcher présenter.,43,57.32,2023-12-26 12:02:43
27,Avenir conclure tellement paraître.,44,42.76,2021-07-24 08:12:26
28,Succès vie avance mine ci composer attaquer.,1,70.7,2021-11-08 13:42:56
29,Sein cri transformer taille besoin air.,13,28.76,2021-09-04 04:58:58
30,Rapide amuser caractère attacher absence servir or.,12,15.97,2020-01-01 04:43:24
31,Chute secours près taille groupe jeter vision produire.,24,26.56,2023-12-02 08:03:18
32,Rire quartier saluer extraordinaire clair place aspect.,24,64.43,2023-07-13 03:11:34
33,Donc beau perte.,24,70.09,2024-08-09 07:43:21
34,Écraser sujet votre sentir.,42,85.85,2022-08-10 11:34:02
35,Valoir fusil partie mensonge naturellement chat grave voie.,22,37.3,2022-07-19 22:23:42
36,Semblable encore flot cesser arrêter.,4,41.13,2020-06-30 17:04:31
37,Mari pointe demeurer garde.,8,33.79,2022-11-27 12:50:48
38,Échapper bas cuisine montagne nouveau parmi chanter.,10,66.2,2024-04-22 06:58:38
39,Rencontrer hésiter souffrance.,17,34.65,2020-12-14 23:38:30
40,Mince profond moyen traverser son.,10,53.03,2020-07-15 04:46:00
41,Servir plaisir grave foi passer consentir sujet amuser.,50,68.67,2023-03-30 04:36:06
42,Brûler oui désir politique je ressembler.,23,43.98,2020-08-20 00:36:17
43,Compte très fort battre français.,43,14.94,2020-05-24 09:04:39
44,Discussion vivre danser précieux direction revenir.,48,58.69,2020-05-21 13:17:14
45,Lequel essuyer pour mince.,18,13.55,2020-06-19 06:05:27
46,Signe rouge afin de voici port descendre trois.,32,71.84,2023-12-01 17:18:55
47,Accepter parvenir fidèle exécuter autour haïr vaste.,49,33.6,2022-07-06 23:41:56
48,Revenir élément savoir eaux petit source.,8,48.12,2020-06-21 05:04:06
49,Empire haine rare son quart mouvement.,23,72.64,2021-05-18 08:48:44
50,Moyen pont moins fuir habitude habiller habiller.,34,44.53,2020-10-08 06:42:56
51,Militaire émotion réfléchir heure quartier jeu.,37,91.63,2024-09-25 18:13:05
52,Chef acheter envie curiosité poche autrefois.,42,47.84,2022-06-11 12:29:14
53,Travail bientôt vie visite loup dessus fonction.,46,33.08,2020-02-19 11:32:55
54,Pendant poste scène nuage quart cri pencher.,30,49.8,2020-07-23 09:21:15
55,Rien compagnie chasse aller jusque pauvre.,49,13.65,2021-12-23 08:16:20
56,Expliquer tranquille regard bon ordre pouvoir.,40,18.14,2021-10-25 07:13:13
57,Manger crainte ignorer ah abandonner fin théâtre.,9,34.13,2021-11-29 05:25:45
58,Voici nombre toile colline rencontre général.,46,33.29,2022-05-26 23:53:57
59,Entendre accord sang mauvais.,21,52.69,2023-09-29 07:05:39
60,Ce contenter allumer image user plaindre second.,4,36.77,2023-02-23 20:23:28
61,Eau secrétaire violence risquer morceau haute créer.,9,77.11,2023-07-11 11:02:34
62,Arriver entretenir souffrance histoire important exiger charge.,2,93.23,2021-09-08 03:51:30
63,Ailleurs soir pied interroger demain garder plaine.,46,84.66,2022-06-04 04:43:28
64,Inquiéter chercher vieux puisque soirée bras.,1,43.99,2023-04-12 04:04:57
65,Choix affaire précieux double dessiner annoncer but.,39,70.8,2023-08-31 03:54:09
66,Juge pourquoi dessus loi puissance demande reculer.,34,51.82,2021-03-15 01:54:36
67,Profiter vérité prochain froid quarante.,20,35.92,2021-12-05 03:26:42
68,Corps rien tout nouveau.,40,53.78,2024-12-26 00:21:27
69,Proposer plan oh lumière muet.,48,46.24,2023-02-27 10:57:04
70,Parce Que frais déjà loin après prendre.,46,31.69,2024-08-26 20:17:42
71,Connaissance maintenir terrible pendre position miser.,22,83.72,2023-01-05 05:19:55
72,Demain poids allumer grand fatigue.,42,98.43,2025-04-23 23:55:34
73,Simplement vendre produire long hôtel.,1,28.23,2021-02-14 09:51:31
74,Escalier premier indiquer écouter nécessaire.,12,84.64,2020-11-06 05:58:32
75,Tracer quarante paquet respect renoncer loi fine.,7,77.33,2024-09-23 23:38:17
