id_m,mot
101,désormais
102,frapper
103,naître
104,absence
105,lieu
106,on
107,désigner
108,ombre
109,franchir
110,recherche
111,parole
112,sonner
113,personnage
114,personne
115,marche
116,nommer
117,casser
118,sourire
119,peser
120,avoir
121,étage
122,déchirer
123,santé
124,prévoir
125,libre
126,poète
127,toujours
128,ciel
129,faire
130,suffire
131,acheter
132,paix
133,succès
134,naturel
135,renoncer
136,haut
137,élever
138,goutte
139,rouler
140,celui
141,de
142,eau
143,circonstance
144,voir
145,effet
146,digne
147,hiver
148,départ
149,soulever
150,mot
151,droite
152,étoile
153,battre
154,écarter
155,tuer
156,voici
157,personne
158,chant
159,personnage
160,foi
161,mien
162,musique
163,absolu
164,centre
165,lieu
166,campagne
167,muet
168,huit
169,fermer
170,silence
171,forme
172,désigner
173,désigner
174,vol
175,pas
176,causer
177,au
178,atteindre
179,autre
180,paysage
181,nerveux
182,science
183,être
184,volonté
185,attitude
186,printemps
187,abri
188,fier
189,terre
190,journal
191,discours
192,prévoir
193,instinct
194,avance
195,mine
196,autre
197,chercher
198,oublier
199,affirmer
200,prier
201,toute
202,celui
203,passer
204,condition
205,bruit
206,lendemain
207,droit
208,peine
209,tantôt
210,ouvert
211,ajouter
212,rapport
213,que
214,oncle
215,riche
216,suivant
217,coucher
218,vrai
219,forêt
220,venir
